Workbook

Sheet Evaluaciones
A1: Evaluaciones comunes — tres entregas / cinco grupos
A2: Evaluación | B2: Grupo | C2: Fecha | D2: Evaluador | E2: Entrega / checkpoint | F2: Repositorio / PR | G2: C1 — Especificación y restricciones | H2: C2 — Modelo y arquitectura del sistema | I2: C3 — Implementación técnica | J2: C4 — Integración hardware-software | K2: C5 — Verificación, pruebas y depuración | L2: C6 — Integración y funcionamiento del sistema | M2: C7 — Documentación y sustentación técnica | N2: Puntos equipo / 90 | O2: Evidencia revisada | P2: Observaciones
A3: 1 | B3: 1 | N3: =IF(G3=4,10,IF(G3=3,7,IF(G3=2,4,0)))+IF(H3=4,15,IF(H3=3,10.5,IF(H3=2,6,0)))+IF(I3=4,20,IF(I3=3,14,IF(I3=2,8,0)))+IF(J3=4,10,IF(J3=3,7,IF(J3=2,4,0)))+IF(K3=4,15,IF(K3=3,10.5,IF(K3=2,6,0)))+IF(L3=4,10,IF(L3=3,7,IF(L3=2,4,0)))+IF(M3=4,10,IF(M3=3,7,IF(M3=2,4,0))) -> 0
A4: 1 | B4: 2 | N4: =IF(G4=4,10,IF(G4=3,7,IF(G4=2,4,0)))+IF(H4=4,15,IF(H4=3,10.5,IF(H4=2,6,0)))+IF(I4=4,20,IF(I4=3,14,IF(I4=2,8,0)))+IF(J4=4,10,IF(J4=3,7,IF(J4=2,4,0)))+IF(K4=4,15,IF(K4=3,10.5,IF(K4=2,6,0)))+IF(L4=4,10,IF(L4=3,7,IF(L4=2,4,0)))+IF(M4=4,10,IF(M4=3,7,IF(M4=2,4,0))) -> 0
A5: 1 | B5: 3 | N5: =IF(G5=4,10,IF(G5=3,7,IF(G5=2,4,0)))+IF(H5=4,15,IF(H5=3,10.5,IF(H5=2,6,0)))+IF(I5=4,20,IF(I5=3,14,IF(I5=2,8,0)))+IF(J5=4,10,IF(J5=3,7,IF(J5=2,4,0)))+IF(K5=4,15,IF(K5=3,10.5,IF(K5=2,6,0)))+IF(L5=4,10,IF(L5=3,7,IF(L5=2,4,0)))+IF(M5=4,10,IF(M5=3,7,IF(M5=2,4,0))) -> 0
A6: 1 | B6: 4 | N6: =IF(G6=4,10,IF(G6=3,7,IF(G6=2,4,0)))+IF(H6=4,15,IF(H6=3,10.5,IF(H6=2,6,0)))+IF(I6=4,20,IF(I6=3,14,IF(I6=2,8,0)))+IF(J6=4,10,IF(J6=3,7,IF(J6=2,4,0)))+IF(K6=4,15,IF(K6=3,10.5,IF(K6=2,6,0)))+IF(L6=4,10,IF(L6=3,7,IF(L6=2,4,0)))+IF(M6=4,10,IF(M6=3,7,IF(M6=2,4,0))) -> 0
A7: 1 | B7: 5 | N7: =IF(G7=4,10,IF(G7=3,7,IF(G7=2,4,0)))+IF(H7=4,15,IF(H7=3,10.5,IF(H7=2,6,0)))+IF(I7=4,20,IF(I7=3,14,IF(I7=2,8,0)))+IF(J7=4,10,IF(J7=3,7,IF(J7=2,4,0)))+IF(K7=4,15,IF(K7=3,10.5,IF(K7=2,6,0)))+IF(L7=4,10,IF(L7=3,7,IF(L7=2,4,0)))+IF(M7=4,10,IF(M7=3,7,IF(M7=2,4,0))) -> 0
A8: 2 | B8: 1 | N8: =IF(G8=4,10,IF(G8=3,7,IF(G8=2,4,0)))+IF(H8=4,15,IF(H8=3,10.5,IF(H8=2,6,0)))+IF(I8=4,20,IF(I8=3,14,IF(I8=2,8,0)))+IF(J8=4,10,IF(J8=3,7,IF(J8=2,4,0)))+IF(K8=4,15,IF(K8=3,10.5,IF(K8=2,6,0)))+IF(L8=4,10,IF(L8=3,7,IF(L8=2,4,0)))+IF(M8=4,10,IF(M8=3,7,IF(M8=2,4,0))) -> 0
A9: 2 | B9: 2 | N9: =IF(G9=4,10,IF(G9=3,7,IF(G9=2,4,0)))+IF(H9=4,15,IF(H9=3,10.5,IF(H9=2,6,0)))+IF(I9=4,20,IF(I9=3,14,IF(I9=2,8,0)))+IF(J9=4,10,IF(J9=3,7,IF(J9=2,4,0)))+IF(K9=4,15,IF(K9=3,10.5,IF(K9=2,6,0)))+IF(L9=4,10,IF(L9=3,7,IF(L9=2,4,0)))+IF(M9=4,10,IF(M9=3,7,IF(M9=2,4,0))) -> 0
A10: 2 | B10: 3 | N10: =IF(G10=4,10,IF(G10=3,7,IF(G10=2,4,0)))+IF(H10=4,15,IF(H10=3,10.5,IF(H10=2,6,0)))+IF(I10=4,20,IF(I10=3,14,IF(I10=2,8,0)))+IF(J10=4,10,IF(J10=3,7,IF(J10=2,4,0)))+IF(K10=4,15,IF(K10=3,10.5,IF(K10=2,6,0)))+IF(L10=4,10,IF(L10=3,7,IF(L10=2,4,0)))+IF(M10=4,10,IF(M10=3,7,IF(M10=2,4,0))) -> 0
A11: 2 | B11: 4 | N11: =IF(G11=4,10,IF(G11=3,7,IF(G11=2,4,0)))+IF(H11=4,15,IF(H11=3,10.5,IF(H11=2,6,0)))+IF(I11=4,20,IF(I11=3,14,IF(I11=2,8,0)))+IF(J11=4,10,IF(J11=3,7,IF(J11=2,4,0)))+IF(K11=4,15,IF(K11=3,10.5,IF(K11=2,6,0)))+IF(L11=4,10,IF(L11=3,7,IF(L11=2,4,0)))+IF(M11=4,10,IF(M11=3,7,IF(M11=2,4,0))) -> 0
A12: 2 | B12: 5 | N12: =IF(G12=4,10,IF(G12=3,7,IF(G12=2,4,0)))+IF(H12=4,15,IF(H12=3,10.5,IF(H12=2,6,0)))+IF(I12=4,20,IF(I12=3,14,IF(I12=2,8,0)))+IF(J12=4,10,IF(J12=3,7,IF(J12=2,4,0)))+IF(K12=4,15,IF(K12=3,10.5,IF(K12=2,6,0)))+IF(L12=4,10,IF(L12=3,7,IF(L12=2,4,0)))+IF(M12=4,10,IF(M12=3,7,IF(M12=2,4,0))) -> 0
A13: 3 | B13: 1 | N13: =IF(G13=4,10,IF(G13=3,7,IF(G13=2,4,0)))+IF(H13=4,15,IF(H13=3,10.5,IF(H13=2,6,0)))+IF(I13=4,20,IF(I13=3,14,IF(I13=2,8,0)))+IF(J13=4,10,IF(J13=3,7,IF(J13=2,4,0)))+IF(K13=4,15,IF(K13=3,10.5,IF(K13=2,6,0)))+IF(L13=4,10,IF(L13=3,7,IF(L13=2,4,0)))+IF(M13=4,10,IF(M13=3,7,IF(M13=2,4,0))) -> 0
A14: 3 | B14: 2 | N14: =IF(G14=4,10,IF(G14=3,7,IF(G14=2,4,0)))+IF(H14=4,15,IF(H14=3,10.5,IF(H14=2,6,0)))+IF(I14=4,20,IF(I14=3,14,IF(I14=2,8,0)))+IF(J14=4,10,IF(J14=3,7,IF(J14=2,4,0)))+IF(K14=4,15,IF(K14=3,10.5,IF(K14=2,6,0)))+IF(L14=4,10,IF(L14=3,7,IF(L14=2,4,0)))+IF(M14=4,10,IF(M14=3,7,IF(M14=2,4,0))) -> 0
... A17: 3 | B17: 5 | N17: =IF(G17=4,10,IF(G17=3,7,IF(G17=2,4,0)))+IF(H17=4,15,IF(H17=3,10.5,IF(H17=2,6,0)))+IF(I17=4,20,IF(I17=3,14,IF(I17=2,8,0)))+IF(J17=4,10,IF(J17=3,7,IF(J17=2,4,0)))+IF(K17=4,15,IF(K17=3,10.5,IF(K17=2,6,0)))+IF(L17=4,10,IF(L17=3,7,IF(L17=2,4,0)))+IF(M17=4,10,IF(M17=3,7,IF(M17=2,4,0))) -> 0

Sheet Individual
A1: C8 individual — cinco espacios por grupo y evaluación
A2: Evaluación | B2: Grupo | C2: Estudiante | D2: Responsable / usuario | E2: Evaluador | F2: Issue / PR | G2: C8 — Planificación, GitHub y responsabilidad individual | H2: Puntos C8 / 10 | I2: Nota total / 100 | J2: Evidencia | K2: Observaciones
A3: 1 | B3: 1 | H3: =IF(G3=4,10,IF(G3=3,7,IF(G3=2,4,0))) -> 0 | I3: =INDEX(Evaluaciones!$N$3:$N$17,(A3-1)*5+B3)+H3 -> 0
A4: 1 | B4: 1 | H4: =IF(G4=4,10,IF(G4=3,7,IF(G4=2,4,0))) -> 0 | I4: =INDEX(Evaluaciones!$N$3:$N$17,(A4-1)*5+B4)+H4 -> 0
A5: 1 | B5: 1 | H5: =IF(G5=4,10,IF(G5=3,7,IF(G5=2,4,0))) -> 0 | I5: =INDEX(Evaluaciones!$N$3:$N$17,(A5-1)*5+B5)+H5 -> 0
A6: 1 | B6: 1 | H6: =IF(G6=4,10,IF(G6=3,7,IF(G6=2,4,0))) -> 0 | I6: =INDEX(Evaluaciones!$N$3:$N$17,(A6-1)*5+B6)+H6 -> 0
A7: 1 | B7: 1 | H7: =IF(G7=4,10,IF(G7=3,7,IF(G7=2,4,0))) -> 0 | I7: =INDEX(Evaluaciones!$N$3:$N$17,(A7-1)*5+B7)+H7 -> 0
A8: 1 | B8: 2 | H8: =IF(G8=4,10,IF(G8=3,7,IF(G8=2,4,0))) -> 0 | I8: =INDEX(Evaluaciones!$N$3:$N$17,(A8-1)*5+B8)+H8 -> 0
A9: 1 | B9: 2 | H9: =IF(G9=4,10,IF(G9=3,7,IF(G9=2,4,0))) -> 0 | I9: =INDEX(Evaluaciones!$N$3:$N$17,(A9-1)*5+B9)+H9 -> 0
A10: 1 | B10: 2 | H10: =IF(G10=4,10,IF(G10=3,7,IF(G10=2,4,0))) -> 0 | I10: =INDEX(Evaluaciones!$N$3:$N$17,(A10-1)*5+B10)+H10 -> 0
A11: 1 | B11: 2 | H11: =IF(G11=4,10,IF(G11=3,7,IF(G11=2,4,0))) -> 0 | I11: =INDEX(Evaluaciones!$N$3:$N$17,(A11-1)*5+B11)+H11 -> 0
A12: 1 | B12: 2 | H12: =IF(G12=4,10,IF(G12=3,7,IF(G12=2,4,0))) -> 0 | I12: =INDEX(Evaluaciones!$N$3:$N$17,(A12-1)*5+B12)+H12 -> 0
A13: 1 | B13: 3 | H13: =IF(G13=4,10,IF(G13=3,7,IF(G13=2,4,0))) -> 0 | I13: =INDEX(Evaluaciones!$N$3:$N$17,(A13-1)*5+B13)+H13 -> 0
A14: 1 | B14: 3 | H14: =IF(G14=4,10,IF(G14=3,7,IF(G14=2,4,0))) -> 0 | I14: =INDEX(Evaluaciones!$N$3:$N$17,(A14-1)*5+B14)+H14 -> 0
... A77: 3 | B77: 5 | H77: =IF(G77=4,10,IF(G77=3,7,IF(G77=2,4,0))) -> 0 | I77: =INDEX(Evaluaciones!$N$3:$N$17,(A77-1)*5+B77)+H77 -> 0

Sheet Resumen
A1: Resumen de evaluaciones por grupo
A3: Grupo | B3: Evaluación 1 / 90 | C3: Evaluación 2 / 90 | D3: Evaluación 3 / 90 | E3: Promedio / 90 | F3: Observaciones generales
A4: 1 | B4: =Evaluaciones!N3 -> 0 | C4: =Evaluaciones!N8 -> 0 | D4: =Evaluaciones!N13 -> 0 | E4: =AVERAGE(B4:D4) -> 0
A5: 2 | B5: =Evaluaciones!N4 -> 0 | C5: =Evaluaciones!N9 -> 0 | D5: =Evaluaciones!N14 -> 0 | E5: =AVERAGE(B5:D5) -> 0
A6: 3 | B6: =Evaluaciones!N5 -> 0 | C6: =Evaluaciones!N10 -> 0 | D6: =Evaluaciones!N15 -> 0 | E6: =AVERAGE(B6:D6) -> 0
A7: 4 | B7: =Evaluaciones!N6 -> 0 | C7: =Evaluaciones!N11 -> 0 | D7: =Evaluaciones!N16 -> 0 | E7: =AVERAGE(B7:D7) -> 0
A8: 5 | B8: =Evaluaciones!N7 -> 0 | C8: =Evaluaciones!N12 -> 0 | D8: =Evaluaciones!N17 -> 0 | E8: =AVERAGE(B8:D8) -> 0
A11: Nota final por estudiante | B11: Puntos comunes del equipo (máx. 90) + C8 individual (máx. 10).

Sheet Rubrica
A1: Rúbrica de evaluación de proyecto
A3: Código | B3: Criterio | C3: Tipo | D3: Peso | E3: Descripción
A4: C1 | B4: Especificación y restricciones | C4: Equipo | D4: 10 | E4: Función, interfaces, restricciones y criterios de aceptación.
A5: C2 | B5: Modelo y arquitectura del sistema | C5: Equipo | D5: 15 | E5: Bloques, datapath, control, buses y decisiones justificadas.
A6: C3 | B6: Implementación técnica | C6: Equipo | D6: 20 | E6: Módulos correctos, sintetizables e integrables.
A7: C4 | B7: Integración hardware-software | C7: Equipo | D7: 10 | E7: Firmware, mapa de memoria, CSR y control verificable.
A8: C5 | B8: Verificación, pruebas y depuración | C8: Equipo | D8: 15 | E8: Pruebas reproducibles y análisis de resultados.
A9: C6 | B9: Integración y funcionamiento del sistema | C9: Equipo | D9: 10 | E9: Operación en la plataforma objetivo dentro del sistema.
A10: C7 | B10: Documentación y sustentación técnica | C10: Equipo | D10: 10 | E10: Reconstrucción, evidencia y comunicación técnica.
A11: C8 | B11: Planificación, GitHub y responsabilidad individual | C11: Individual | D11: 10 | E11: Tareas, contribuciones y trazabilidad individual.
A14: Nivel | B14: Desempeño | C14: Factor
A15: 4 | B15: Completo | C15: 1
A16: 3 | B16: Aceptable | C16: 0.7
A17: 2 | B17: Insuficiente | C17: 0.4
A18: 1 | B18: Sin evidencia válida | C18: 0

Sheet Instrucciones
A1: Instrucciones de uso
A3: 1. Suba el archivo a Google Drive y ábralo con Google Sheets.
A4: 2. Mantenga el acceso general como Restringido y a Carlos Camargo como único Editor.
A5: 3. Registre los niveles C1–C7 de cada grupo en Evaluaciones.
A6: 4. Use solamente 1, 2, 3 o 4; las fórmulas calculan los puntos.
A7: 5. Registre C8 por estudiante en Individual; hay cinco espacios por grupo.
A8: 6. Vincule repositorios, issues, pull requests y evidencia.
A9: 7. Nota del estudiante = puntos comunes del equipo (máx. 90) + C8 (máx. 10).
A10: 8. Para recibir datos sin dar acceso de edición, utilice Google Forms.
A11: 9. Los permisos de Google Drive no se guardan dentro del archivo XLSX.
A14: Escala: 4 = Completo; 3 = Aceptable; 2 = Insuficiente; 1 = Sin evidencia válida.
